{
  "ABIRoot": {
    "kind": "Root",
    "name": "TopLevel",
    "printedName": "TopLevel",
    "children": [
      {
        "kind": "Import",
        "name": "UIKit",
        "printedName": "UIKit",
        "declKind": "Import",
        "moduleName": "WorkoutPlayerCore",
        "declAttributes": [
          "RawDocComment"
        ]
      },
      {
        "kind": "TypeDecl",
        "name": "MyView",
        "printedName": "MyView",
        "children": [
          {
            "kind": "Constructor",
            "name": "init",
            "printedName": "init()",
            "children": [
              {
                "kind": "TypeNominal",
                "name": "MyView",
                "printedName": "WorkoutPlayerCore.MyView",
                "usr": "c:@M@WorkoutPlayerCore@objc(cs)MyView"
              }
            ],
            "declKind": "Constructor",
            "usr": "c:@M@WorkoutPlayerCore@objc(cs)MyView(im)init",
            "mangledName": "$s17WorkoutPlayerCore6MyViewCACycfc",
            "moduleName": "WorkoutPlayerCore",
            "overriding": true,
            "objc_name": "init",
            "declAttributes": [
              "Dynamic",
              "ObjC",
              "Custom",
              "AccessControl"
            ],
            "init_kind": "Designated"
          },
          {
            "kind": "Constructor",
            "name": "init",
            "printedName": "init(frame:)",
            "children": [
              {
                "kind": "TypeNominal",
                "name": "MyView",
                "printedName": "WorkoutPlayerCore.MyView",
                "usr": "c:@M@WorkoutPlayerCore@objc(cs)MyView"
              },
              {
                "kind": "TypeNominal",
                "name": "CGRect",
                "printedName": "CoreFoundation.CGRect",
                "usr": "c:@S@CGRect"
              }
            ],
            "declKind": "Constructor",
            "usr": "c:@M@WorkoutPlayerCore@objc(cs)MyView(im)initWithFrame:",
            "mangledName": "$s17WorkoutPlayerCore6MyViewC5frameACSo6CGRectV_tcfc",
            "moduleName": "WorkoutPlayerCore",
            "overriding": true,
            "implicit": true,
            "objc_name": "initWithFrame:",
            "declAttributes": [
              "Dynamic",
              "ObjC",
              "Custom",
              "Override"
            ],
            "init_kind": "Designated"
          }
        ],
        "declKind": "Class",
        "usr": "c:@M@WorkoutPlayerCore@objc(cs)MyView",
        "mangledName": "$s17WorkoutPlayerCore6MyViewC",
        "moduleName": "WorkoutPlayerCore",
        "declAttributes": [
          "Custom",
          "AccessControl",
          "ObjC"
        ],
        "superclassUsr": "c:objc(cs)UIView",
        "hasMissingDesignatedInitializers": true,
        "superclassNames": [
          "UIKit.UIView",
          "UIKit.UIResponder",
          "ObjectiveC.NSObject"
        ],
        "conformances": [
          {
            "kind": "Conformance",
            "name": "Equatable",
            "printedName": "Equatable",
            "usr": "s:SQ",
            "mangledName": "$sSQ"
          },
          {
            "kind": "Conformance",
            "name": "Hashable",
            "printedName": "Hashable",
            "usr": "s:SH",
            "mangledName": "$sSH"
          },
          {
            "kind": "Conformance",
            "name": "CVarArg",
            "printedName": "CVarArg",
            "usr": "s:s7CVarArgP",
            "mangledName": "$ss7CVarArgP"
          },
          {
            "kind": "Conformance",
            "name": "_KeyValueCodingAndObservingPublishing",
            "printedName": "_KeyValueCodingAndObservingPublishing",
            "usr": "s:10Foundation37_KeyValueCodingAndObservingPublishingP",
            "mangledName": "$s10Foundation37_KeyValueCodingAndObservingPublishingP"
          },
          {
            "kind": "Conformance",
            "name": "_KeyValueCodingAndObserving",
            "printedName": "_KeyValueCodingAndObserving",
            "usr": "s:10Foundation27_KeyValueCodingAndObservingP",
            "mangledName": "$s10Foundation27_KeyValueCodingAndObservingP"
          },
          {
            "kind": "Conformance",
            "name": "CustomStringConvertible",
            "printedName": "CustomStringConvertible",
            "usr": "s:s23CustomStringConvertibleP",
            "mangledName": "$ss23CustomStringConvertibleP"
          },
          {
            "kind": "Conformance",
            "name": "CustomDebugStringConvertible",
            "printedName": "CustomDebugStringConvertible",
            "usr": "s:s28CustomDebugStringConvertibleP",
            "mangledName": "$ss28CustomDebugStringConvertibleP"
          },
          {
            "kind": "Conformance",
            "name": "__DefaultCustomPlaygroundQuickLookable",
            "printedName": "__DefaultCustomPlaygroundQuickLookable",
            "usr": "s:s38__DefaultCustomPlaygroundQuickLookableP",
            "mangledName": "$ss38__DefaultCustomPlaygroundQuickLookableP"
          },
          {
            "kind": "Conformance",
            "name": "XibCompatible",
            "printedName": "XibCompatible",
            "usr": "s:13MuuvUtilities13XibCompatibleP",
            "mangledName": "$s13MuuvUtilities13XibCompatibleP"
          }
        ]
      },
      {
        "kind": "Import",
        "name": "SwiftUI",
        "printedName": "SwiftUI",
        "declKind": "Import",
        "moduleName": "WorkoutPlayerCore",
        "declAttributes": [
          "RawDocComment"
        ]
      },
      {
        "kind": "TypeDecl",
        "name": "MySwiftUIView",
        "printedName": "MySwiftUIView",
        "children": [
          {
            "kind": "Constructor",
            "name": "init",
            "printedName": "init(text:)",
            "children": [
              {
                "kind": "TypeNominal",
                "name": "MySwiftUIView",
                "printedName": "WorkoutPlayerCore.MySwiftUIView",
                "usr": "s:17WorkoutPlayerCore13MySwiftUIViewV"
              },
              {
                "kind": "TypeNominal",
                "name": "String",
                "printedName": "Swift.String",
                "usr": "s:SS"
              }
            ],
            "declKind": "Constructor",
            "usr": "s:17WorkoutPlayerCore13MySwiftUIViewV4textACSS_tcfc",
            "mangledName": "$s17WorkoutPlayerCore13MySwiftUIViewV4textACSS_tcfc",
            "moduleName": "WorkoutPlayerCore",
            "declAttributes": [
              "AccessControl"
            ],
            "init_kind": "Designated"
          },
          {
            "kind": "Var",
            "name": "body",
            "printedName": "body",
            "children": [
              {
                "kind": "TypeNominal",
                "name": "OpaqueTypeArchetype",
                "printedName": "some SwiftUI.View",
                "children": [
                  {
                    "kind": "TypeNominal",
                    "name": "View",
                    "printedName": "SwiftUI.View",
                    "usr": "s:7SwiftUI4ViewP"
                  }
                ]
              }
            ],
            "declKind": "Var",
            "usr": "s:17WorkoutPlayerCore13MySwiftUIViewV4bodyQrvp",
            "mangledName": "$s17WorkoutPlayerCore13MySwiftUIViewV4bodyQrvp",
            "moduleName": "WorkoutPlayerCore",
            "declAttributes": [
              "Custom",
              "AccessControl"
            ],
            "accessors": [
              {
                "kind": "Accessor",
                "name": "Get",
                "printedName": "Get()",
                "children": [
                  {
                    "kind": "TypeNominal",
                    "name": "OpaqueTypeArchetype",
                    "printedName": "some SwiftUI.View",
                    "children": [
                      {
                        "kind": "TypeNominal",
                        "name": "View",
                        "printedName": "SwiftUI.View",
                        "usr": "s:7SwiftUI4ViewP"
                      }
                    ]
                  }
                ],
                "declKind": "Accessor",
                "usr": "s:17WorkoutPlayerCore13MySwiftUIViewV4bodyQrvg",
                "mangledName": "$s17WorkoutPlayerCore13MySwiftUIViewV4bodyQrvg",
                "moduleName": "WorkoutPlayerCore",
                "accessorKind": "get"
              }
            ]
          }
        ],
        "declKind": "Struct",
        "usr": "s:17WorkoutPlayerCore13MySwiftUIViewV",
        "mangledName": "$s17WorkoutPlayerCore13MySwiftUIViewV",
        "moduleName": "WorkoutPlayerCore",
        "declAttributes": [
          "AccessControl"
        ],
        "conformances": [
          {
            "kind": "Conformance",
            "name": "View",
            "printedName": "View",
            "children": [
              {
                "kind": "TypeWitness",
                "name": "Body",
                "printedName": "Body",
                "children": [
                  {
                    "kind": "TypeNominal",
                    "name": "OpaqueTypeArchetype",
                    "printedName": "some SwiftUI.View",
                    "children": [
                      {
                        "kind": "TypeNominal",
                        "name": "View",
                        "printedName": "SwiftUI.View",
                        "usr": "s:7SwiftUI4ViewP"
                      }
                    ]
                  }
                ]
              }
            ],
            "usr": "s:7SwiftUI4ViewP",
            "mangledName": "$s7SwiftUI4ViewP"
          }
        ]
      },
      {
        "kind": "Import",
        "name": "Foundation",
        "printedName": "Foundation",
        "declKind": "Import",
        "moduleName": "WorkoutPlayerCore",
        "declAttributes": [
          "RawDocComment"
        ]
      },
      {
        "kind": "Import",
        "name": "MuuvUtilities",
        "printedName": "MuuvUtilities",
        "declKind": "Import",
        "moduleName": "WorkoutPlayerCore"
      },
      {
        "kind": "Import",
        "name": "MuuvEndpoints",
        "printedName": "MuuvEndpoints",
        "declKind": "Import",
        "moduleName": "WorkoutPlayerCore"
      },
      {
        "kind": "TypeDecl",
        "name": "Facade",
        "printedName": "Facade",
        "children": [
          {
            "kind": "Var",
            "name": "test",
            "printedName": "test",
            "children": [
              {
                "kind": "TypeNominal",
                "name": "String",
                "printedName": "Swift.String",
                "usr": "s:SS"
              }
            ],
            "declKind": "Var",
            "usr": "s:17WorkoutPlayerCore6FacadeC4testSSvpZ",
            "mangledName": "$s17WorkoutPlayerCore6FacadeC4testSSvpZ",
            "moduleName": "WorkoutPlayerCore",
            "static": true,
            "declAttributes": [
              "HasInitialValue",
              "Final",
              "HasStorage",
              "AccessControl"
            ],
            "isLet": true,
            "hasStorage": true,
            "accessors": [
              {
                "kind": "Accessor",
                "name": "Get",
                "printedName": "Get()",
                "children": [
                  {
                    "kind": "TypeNominal",
                    "name": "String",
                    "printedName": "Swift.String",
                    "usr": "s:SS"
                  }
                ],
                "declKind": "Accessor",
                "usr": "s:17WorkoutPlayerCore6FacadeC4testSSvgZ",
                "mangledName": "$s17WorkoutPlayerCore6FacadeC4testSSvgZ",
                "moduleName": "WorkoutPlayerCore",
                "static": true,
                "implicit": true,
                "declAttributes": [
                  "Final"
                ],
                "accessorKind": "get"
              }
            ]
          },
          {
            "kind": "Constructor",
            "name": "init",
            "printedName": "init()",
            "children": [
              {
                "kind": "TypeNominal",
                "name": "Facade",
                "printedName": "WorkoutPlayerCore.Facade",
                "usr": "s:17WorkoutPlayerCore6FacadeC"
              }
            ],
            "declKind": "Constructor",
            "usr": "s:17WorkoutPlayerCore6FacadeCACycfc",
            "mangledName": "$s17WorkoutPlayerCore6FacadeCACycfc",
            "moduleName": "WorkoutPlayerCore",
            "declAttributes": [
              "AccessControl"
            ],
            "init_kind": "Designated"
          },
          {
            "kind": "Function",
            "name": "publicFunction",
            "printedName": "publicFunction()",
            "children": [
              {
                "kind": "TypeNominal",
                "name": "Void",
                "printedName": "()"
              }
            ],
            "declKind": "Func",
            "usr": "s:17WorkoutPlayerCore6FacadeC14publicFunctionyyF",
            "mangledName": "$s17WorkoutPlayerCore6FacadeC14publicFunctionyyF",
            "moduleName": "WorkoutPlayerCore",
            "declAttributes": [
              "AccessControl"
            ],
            "funcSelfKind": "NonMutating"
          },
          {
            "kind": "Function",
            "name": "publicFunctionUsingUtilities",
            "printedName": "publicFunctionUsingUtilities()",
            "children": [
              {
                "kind": "TypeNominal",
                "name": "Void",
                "printedName": "()"
              }
            ],
            "declKind": "Func",
            "usr": "s:17WorkoutPlayerCore6FacadeC28publicFunctionUsingUtilitiesyyF",
            "mangledName": "$s17WorkoutPlayerCore6FacadeC28publicFunctionUsingUtilitiesyyF",
            "moduleName": "WorkoutPlayerCore",
            "declAttributes": [
              "AccessControl"
            ],
            "funcSelfKind": "NonMutating"
          },
          {
            "kind": "Function",
            "name": "publicFunctionUsingEndpoints",
            "printedName": "publicFunctionUsingEndpoints()",
            "children": [
              {
                "kind": "TypeNominal",
                "name": "Void",
                "printedName": "()"
              }
            ],
            "declKind": "Func",
            "usr": "s:17WorkoutPlayerCore6FacadeC28publicFunctionUsingEndpointsyyF",
            "mangledName": "$s17WorkoutPlayerCore6FacadeC28publicFunctionUsingEndpointsyyF",
            "moduleName": "WorkoutPlayerCore",
            "declAttributes": [
              "AccessControl"
            ],
            "funcSelfKind": "NonMutating"
          }
        ],
        "declKind": "Class",
        "usr": "s:17WorkoutPlayerCore6FacadeC",
        "mangledName": "$s17WorkoutPlayerCore6FacadeC",
        "moduleName": "WorkoutPlayerCore",
        "declAttributes": [
          "AccessControl"
        ]
      }
    ],
    "json_format_version": 8
  },
  "ConstValues": [
    {
      "filePath": "\/Users\/devaccount\/Desktop\/Muuv Github\/workout-player-core-sdk-ios\/WorkoutPlayerCorePoC\/WorkoutPlayerCore\/WorkoutPlayerCore\/UI\/MyView.swift",
      "kind": "StringLiteral",
      "offset": 105,
      "length": 6,
      "value": "\"WorkoutPlayerCore.MyView\""
    },
    {
      "filePath": "\/Users\/devaccount\/Desktop\/Muuv Github\/workout-player-core-sdk-ios\/WorkoutPlayerCorePoC\/WorkoutPlayerCore\/WorkoutPlayerCore\/Facade\/Facade.swift",
      "kind": "StringLiteral",
      "offset": 195,
      "length": 5,
      "value": "\"123\""
    }
  ]
}